epoch,steps,cosine_pearson,cosine_spearman
1.6666666666666665,5,0.979984670271406,0.6
3.3333333333333335,10,0.9922434965813424,0.8999999999999998
5.0,15,0.9966130255031076,0.8999999999999998
6.666666666666667,20,0.9937984320422485,0.8999999999999998
8.333333333333334,25,0.9937984320422485,0.8999999999999998
10.0,30,0.9937984320422485,0.8999999999999998
