epoch,steps,cosine_pearson,cosine_spearman
1.6666666666666665,5,0.982106629364837,0.7
3.3333333333333335,10,0.9912963642725102,0.8999999999999998
5.0,15,0.9968199182590103,0.8999999999999998
6.666666666666667,20,0.9962659612106473,0.8999999999999998
8.333333333333334,25,0.9962659612106473,0.8999999999999998
10.0,30,0.9962659612106473,0.8999999999999998
